{
    "iss_lat": 49.6479,
    "iss_lon": 42.3274,
    "mercury_x": -40257140.51560437,
    "mercury_y": 104652296.62015547,
    "mercury_z": 47515999.59180145,
    "pluto_x": 2957379720.157682,
    "pluto_y": -3756770229.182697,
    "pluto_z": -2042266998.1471744,
    "utc": "2026-06-16T07:14:19.686415"
}