{
    "iss_lat": -14.5823,
    "iss_lon": -72.7319,
    "mercury_x": -40234470.921159126,
    "mercury_y": 104710333.90876795,
    "mercury_z": 47550876.458512045,
    "pluto_x": 2957426175.8985853,
    "pluto_y": -3756779400.980177,
    "pluto_z": -2042267784.06287,
    "utc": "2026-06-16T06:42:46.027767"
}